node	dist to WHO_F_SSSS
WHO_F_SSSS	0
GCGS0377_SSSS	8587
GCGS0357_SSSS	8644
GCGS0526_SSSS	8647
GCGS0579_RSSS	8698
GCGS0870_RRSR	8713
GCGS0305_RSSS	8715
GCGS0348_SSSS	8718
GCGS0431_SSSS	8808
GCGS0248_SSSS	8809
GCGS0439_SSSS	8819
GCGS0307_RSSS	8883
GCGS0843_SSSS	8901
GCGS0255_RSSS	8914
GCGS0263_SSSS	8937
GCGS0453_SSSS	8940
GCGS0072_SSSS	8940
GCGS1028_SsSS	8955
GCGS0449_SSSS	9048
GCGS0373_SSSS	9074
GCGS0445_SSSS	9250
GCGS0390_SSSS	9274
GCGS0310_SSSS	9281
GCGS0525_RSSS	9286
GCGS0556_RSSS	9288
GCGS0830_SSSS	9288
GCGS0258_RSSS	9292
GCGS0273_RSSS	9293
GCGS0260_RSSS	9295
GCGS1096_SSSS	9296
GCGS0259_RSSS	9297
GCGS0294_SSSS	9298
GCGS0600_SSSS	9298
GCGS0304_RSSS	9303
GCGS0703_RSSS	9309
GCGS0311_RSSS	9312
GCGS0266_SSSS	9316
GCGS0386_RSSS	9328
GCGS0280_RSSS	9329
GCGS0521_SSSS	9330
GCGS0387_RSSS	9331
GCGS0302_RSSS	9332
GCGS0284_RSSS	9335
GCGS0244_SSSS	9338
GCGS0283_RSSS	9338
GCGS0623_RSSS	9343
GCGS0274_RSSS	9344
GCGS1048_RsSS	9344
GCGS0443_SSSS	9345
GCGS0256_SSSS	9347
GCGS0293_SSSS	9347
GCGS0291_RSSS	9351
GCGS0246_RSSS	9355
GCGS0200_SSSS	9358
GCGS0265_SSSS	9361
GCGS0599_SSSS	9365
GCGS0395_SSSS	9376
GCGS0312_SSSS	9379
GCGS0465_SSSS	9383
GCGS0282_RSSS	9392
GCGS0351_SSSS	9400
GCGS0454_SSSS	9400
GCGS0257_RSSS	9403
GCGS1053_SsSS	9407
GCGS0290_RSSS	9407
GCGS0850_SSRS	9409
GCGS0662_SSSS	9414
GCGS0441_SSSS	9414
GCGS0050_SSSS	9424
GCGS0492_RSSS	9426
GCGS0353_SSSS	9434
GCGS0685_RSSS	9435
GCGS0538_SSSS	9436
GCGS0687_RSSS	9436
GCGS0268_SSSS	9440
GCGS0303_SSSS	9446
GCGS1076_SsSS	9448
GCGS0245_SSSS	9453
GCGS0375_SSSS	9462
GCGS0322_SSSS	9465
GCGS0427_SSSS	9473
WHO_L_SSRR	9473
GCGS0520_RSSS	9473
GCGS0474_SSSS	9476
GCGS0301_RSSS	9477
GCGS0519_RSSS	9481
GCGS0462_SSSS	9483
GCGS1019_SsRS	9516
GCGS0500_SSSS	9526
GCGS0261_SSSS	9534
GCGS0313_SSSS	9542
GCGS0345_SSSS	9547
GCGS0501_SSSS	9547
GCGS0262_SSSS	9560
GCGS0529_RSSS	9561
GCGS0489_SSSS	9589
GCGS0243_SSSS	9596
GCGS1029_SRSR	9600
GCGS0450_SSSS	9604
GCGS0252_RSSS	9609
GCGS0250_SSSS	9617
GCGS0253_SSSS	9621
GCGS0438_RSSS	9622
GCGS0432_SSSS	9629
GCGS0479_SSSS	9636
GCGS0488_SSSS	9637
GCGS0350_SSSS	9661
GCGS0425_SSSS	9671
GCGS0554_SSSS	9676
GCGS0471_SSSS	9705
GCGS0162_SSSS	9798
GCGS0473_RSSS	9809
GCGS0456_SSSS	9813
GCGS0292_SSSS	9816
GCGS0460_RSSS	9819
GCGS0461_SSSS	9843
GCGS0543_SSSS	9856
GCGS0315_SSSS	9882
WHO_N_SSRS	10082
GCGS0828_SSSS	10083
GCGS0845_SSSS	10110
WHO_G_SSSS	10133
GCGS0576_SSSS	10186
GCGS0580_SSSS	10194
GCGS0502_SSSS	10197
GCGS0812_SSSS	10198
GCGS0270_SSSS	10204
GCGS0865_SSSS	10206
GCGS0723_SSSS	10206
GCGS0718_SSSS	10206
GCGS0612_SSSS	10206
GCGS0367_RSSS	10207
GCGS0724_SSSS	10207
GCGS0866_SSSS	10207
GCGS0734_SSSS	10207
GCGS0309_SSSS	10208
GCGS0867_SSSS	10208
GCGS0366_SSSS	10209
GCGS0736_SSSS	10209
GCGS0831_SSSS	10210
GCGS0412_SSSS	10211
GCGS0646_SSSS	10211
GCGS0648_SSSS	10211
GCGS0735_SSSS	10212
GCGS0824_SSSS	10213
GCGS0846_SSSS	10213
GCGS0702_SSSS	10215
GCGS1017_SSSS	10217
GCGS0287_SSSS	10217
GCGS0605_SSSS	10218
GCGS0573_SSSS	10218
GCGS0826_SSSS	10219
GCGS0825_SSSS	10219
GCGS0539_SSSS	10219
GCGS0565_SSSS	10220
GCGS0737_SSSS	10220
GCGS0651_SSSS	10220
GCGS0537_SSSS	10221
GCGS0598_SSSS	10222
GCGS0389_SSSS	10223
GCGS0408_SSSS	10223
GCGS0555_RSSS	10224
GCGS0704_RSSS	10225
GCGS0569_SSSS	10227
GCGS0668_SSSS	10228
GCGS0855_SSSS	10228
GCGS0326_SSSS	10228
GCGS0713_RSSS	10229
GCGS0607_SSSS	10230
GCGS1055_RsSS	10230
GCGS0738_SSSS	10230
GCGS0566_SSSS	10231
GCGS0786_SSSS	10231
GCGS0486_SSSS	10232
GCGS0570_SSSS	10232
GCGS0547_SSSS	10233
GCGS0794_SSSS	10236
GCGS0530_SSSS	10236
GCGS0295_RSSS	10237
GCGS0682_SSSS	10238
GCGS0142_RSSS	10238
GCGS0277_SSSS	10244
GCGS0630_SSSS	10248
GCGS0423_SSSS	10249
GCGS1047_RsSS	10255
WHO_O_SSSS	10255
GCGS0777_RSSS	10256
GCGS1043_RsRS	10256
GCGS0542_SSSS	10258
GCGS1039_RsSS	10261
GCGS0281_SSSS	10264
GCGS1044_RsSS	10265
GCGS1040_RsSS	10267
GCGS0615_RSSS	10267
GCGS0671_RSSS	10267
GCGS1045_RsSS	10267
GCGS0790_RSSS	10272
GCGS0791_RSSS	10274
GCGS0765_RSSS	10277
GCGS0749_SSSS	10278
GCGS0672_RSSS	10278
GCGS0726_SSSS	10279
GCGS0619_RSSS	10279
GCGS0613_SSSS	10282
GCGS0761_SSSS	10288
GCGS0714_SSRS	10289
GCGS0760_SSSS	10290
GCGS1046_SsSS	10298
GCGS0420_SSSS	10323
GCGS0400_SSSS	10326
GCGS0428_SSSS	10343
GCGS1103_SSSS	10374
GCGS0782_SSSS	10376
GCGS0363_RSSS	10378
GCGS0647_SSSS	10383
GCGS0442_SSSS	10386
GCGS0784_SSSS	10394
GCGS0430_SSSS	10417
GCGS0358_SSSS	10420
GCGS0614_SSSS	10430
GCGS0013_SSSS	10438
GCGS0616_SSSS	10445
GCGS0150_SSRS	10450
GCGS0015_SSSS	10453
GCGS0429_SSSS	10458
GCGS0376_SSSS	10478
GCGS0424_SSSS	10489
GCGS0624_SSRS	10489
GCGS0697_SSRS	10495
GCGS0247_RSSS	10498
GCGS0317_SSSS	10563
GCGS1062_RsSS	10577
GCGS0286_SSSS	10582
GCGS0604_RSSS	10587
GCGS0745_RSSS	10590
GCGS0509_SSRS	10592
GCGS0817_SSRS	10598
GCGS0356_RSSS	10602
GCGS0524_SSSS	10603
GCGS0795_RSSS	10603
GCGS0818_SSRS	10605
GCGS0815_SSRS	10606
GCGS0804_SSRS	10607
GCGS0805_SSRS	10607
GCGS0755_SSRS	10610
GCGS0577_RSSS	10610
GCGS0758_SSRS	10611
GCGS0808_SSRS	10611
GCGS0814_SSRS	10612
GCGS0640_SSRS	10613
GCGS0852_RSRS	10613
GCGS0699_SSRS	10614
GCGS0809_SSRS	10614
GCGS0578_RSSS	10615
GCGS0470_RSSS	10616
GCGS0581_RSSS	10616
GCGS0440_SSSS	10617
GCGS0816_SSRS	10618
GCGS0409_SSSS	10620
GCGS1081_RsSS	10625
GCGS0595_RSSS	10627
GCGS0813_RSSS	10631
GCGS0621_RSSS	10632
GCGS0741_RSSS	10634
GCGS0503_RSSS	10635
GCGS0622_SSSS	10635
GCGS0594_SSRS	10637
GCGS0719_RSSS	10639
GCGS0770_SSRS	10640
GCGS0340_SSSS	10640
GCGS0269_SSSS	10640
GCGS0341_SSSS	10640
GCGS0343_SSSS	10642
GCGS0788_SSRS	10643
GCGS0342_RSSS	10644
GCGS0434_SSSS	10644
GCGS0505_RSSS	10645
GCGS0771_SSSS	10645
GCGS0793_RSRS	10647
GCGS0567_RSSS	10651
GCGS0772_RSSS	10652
GCGS0399_SSRS	10653
GCGS0792_RSRS	10653
GCGS0819_SSSS	10656
WHO_P_RSSS	10656
GCGS0314_SSRS	10660
GCGS0397_SSRS	10661
GCGS0275_RSSS	10663
GCGS0705_RSSS	10664
GCGS0527_RSSS	10672
GCGS0721_RSSS	10674
GCGS0276_SSSS	10674
GCGS0391_RSSS	10678
GCGS0534_RSSS	10679
GCGS0532_RSSS	10679
GCGS0299_RSSS	10680
GCGS0535_RSSS	10681
GCGS0531_RSSS	10683
GCGS0417_RSSS	10686
GCGS0289_RSSS	10688
GCGS0254_RSSS	10688
GCGS0620_SSSS	10690
GCGS0288_RSSS	10690
GCGS0751_RSSS	10691
GCGS0380_RSSS	10691
GCGS0308_RSSS	10691
GCGS0533_RSSS	10693
GCGS0323_RSSS	10702
GCGS0285_RSSS	10704
GCGS0329_RSSS	10704
GCGS0528_RSSS	10706
GCGS0264_RSSS	10708
GCGS0272_RSSS	10710
GCGS0267_RSSS	10711
GCGS1022_RsSS	10712
GCGS1083_RrSS	10713
GCGS1082_RrSS	10713
GCGS0435_RSSS	10713
GCGS0720_RSSS	10713
GCGS0635_RSSS	10715
GCGS0392_RSSS	10716
GCGS0271_RSSS	10716
GCGS0365_SSSS	10718
GCGS0300_RSSS	10718
GCGS0601_SSSS	10719
GCGS0416_RSSS	10719
GCGS0536_SSSS	10720
GCGS0691_RSSS	10723
GCGS0823_RSSS	10725
GCGS0447_RSSS	10729
GCGS0106_RSSS	10730
GCGS1034_RsSS	10732
GCGS0362_SSSS	10734
GCGS0407_SSSS	10735
GCGS0251_SSSS	10743
GCGS0540_SSSS	10750
GCGS0750_SSSS	10756
GCGS0610_RSSS	10756
GCGS0829_SSSS	10764
GCGS1030_RsSS	10772
GCGS0763_RSSS	10774
GCGS0337_SSSS	10775
GCGS0649_RSSS	10775
GCGS1032_RsSS	10778
GCGS1031_RsSS	10778
GCGS1033_RsSS	10779
GCGS0504_SSRS	10782
GCGS0009_SSSS	10782
GCGS0498_SSRS	10784
GCGS0062_SSRS	10792
GCGS0208_SSRS	10799
GCGS0546_SSSS	10800
GCGS1025_RsSS	10801
WHO_M_SSRS	10805
GCGS0496_SSSS	10808
GCGS0010_SSSS	10810
GCGS0144_SSSS	10812
GCGS0359_SSSS	10819
GCGS0092_SSSS	10819
GCGS0663_SSSS	10832
GCGS0071_SRSS	10834
GCGS0175_SRSS	10838
GCGS0197_SRSS	10838
GCGS0167_SRSS	10838
GCGS0169_SRSS	10838
GCGS0207_SRSS	10838
GCGS0199_SRSS	10838
GCGS0191_SRSS	10838
GCGS0193_SRSS	10840
GCGS0211_SRSS	10840
GCGS0209_SRSS	10840
GCGS0173_SRSS	10840
GCGS0073_SRSS	10840
GCGS0171_SRSS	10840
GCGS0217_SRSS	10840
GCGS0219_SRSS	10840
GCGS0225_SRSS	10842
GCGS0221_SRSS	10842
GCGS0215_SRSS	10842
GCGS0820_SSSS	10842
GCGS0941_SRSS	10844
GCGS0223_SRSS	10844
GCGS0821_SSSS	10845
GCGS0201_SRSS	10846
GCGS0203_SRSS	10846
GCGS0727_SSSS	10848
GCGS0149_SRSS	10848
GCGS0213_SRSS	10849
GCGS0652_SSRS	10853
GCGS0853_SSSS	10856
GCGS0931_SRSS	10859
GCGS0153_SRSS	10859
GCGS0279_SSSS	10862
GCGS0161_SRSS	10862
GCGS0523_RSSS	10864
GCGS0561_RSSS	10866
GCGS0890_SRSS	10868
GCGS0964_SRSS	10871
GCGS0249_RSSS	10882
GCGS0374_SSSS	10889
GCGS0202_RSSS	10890
GCGS0204_RSSS	10890
GCGS0226_RSSS	10893
GCGS0324_SSSS	10895
GCGS0467_RSSS	10895
GCGS0176_RSSS	10895
GCGS0364_SSSS	10897
GCGS0224_RSSS	10897
GCGS0018_RSSS	10897
GCGS0120_RSSS	10897
GCGS0694_RSSS	10899
GCGS0230_RSSS	10899
GCGS0198_RSSS	10899
GCGS0336_SSSS	10900
GCGS0665_RSSS	10902
GCGS0766_SSSS	10904
GCGS0228_RSSS	10904
GCGS0218_RSSS	10906
GCGS0516_RSSS	10910
GCGS0126_SSSS	10912
GCGS0378_SSSS	10914
GCGS0701_SSSS	10916
GCGS0642_SSSS	10916
GCGS0110_RSSS	10916
GCGS0038_RSSS	10916
GCGS0136_RSSS	10917
GCGS0379_SSSS	10918
GCGS0455_SSSS	10919
GCGS0354_RSSS	10920
GCGS0660_SSSS	10921
GCGS0638_RSSS	10922
GCGS0436_RSSS	10922
GCGS1095_SRSR	10923
GCGS0128_RSSS	10924
GCGS0118_RSSS	10926
GCGS0174_RSSS	10927
GCGS0138_RSSS	10928
GCGS0401_RSSS	10929
GCGS0156_RSSS	10929
GCGS0857_SSSS	10930
GCGS0372_RSSS	10931
GCGS0098_RSSS	10931
GCGS0096_RSSS	10931
GCGS0482_RSSS	10931
GCGS0335_SSSS	10933
GCGS0332_RSSS	10933
GCGS0787_SSSS	10934
GCGS0468_RSSS	10935
GCGS0807_SSRS	10937
GCGS0574_RSSS	10940
GCGS0657_SSSS	10940
GCGS0582_SSSS	10940
GCGS0658_SSSS	10942
GCGS0422_SSSS	10943
GCGS0484_RSSS	10943
GCGS0541_SSSS	10944
GCGS0074_SSSS	10944
GCGS0477_RSSS	10944
GCGS0485_RSSS	10944
GCGS1014_SRSR	10945
GCGS0564_RSSS	10946
GCGS0670_SSSS	10946
GCGS0545_SSSS	10946
GCGS0550_RSSS	10947
GCGS0560_RSSS	10947
GCGS0732_SSSS	10947
GCGS0583_SSSS	10948
GCGS0641_SSRS	10948
GCGS0426_SSSS	10949
GCGS0544_SSSS	10949
GCGS0518_RSSS	10949
GCGS0593_SSSS	10950
GCGS0584_SSSS	10950
GCGS0338_RSSS	10951
GCGS0575_RSSS	10953
GCGS0355_RSSS	10953
GCGS0497_RSSS	10953
WHO_U_SSSS	10955
GCGS0645_SSSS	10956
GCGS0747_SSSS	10957
GCGS0402_RSSS	10959
GCGS0403_RSSS	10959
GCGS0405_RSSS	10959
GCGS0404_RSSS	10959
GCGS0421_SSRS	10960
GCGS0827_SSSS	10960
GCGS0800_SSRS	10961
GCGS0406_RSSS	10961
GCGS0681_SSSS	10961
GCGS1074_SsRS	10962
GCGS0611_RSSS	10962
GCGS1063_SsRS	10963
GCGS0316_SSSS	10963
GCGS0752_SSRS	10964
GCGS0643_SSSS	10966
GCGS0240_SSRS	10969
GCGS0134_SSRS	10969
GCGS0192_RSSS	10971
GCGS0679_SSSS	10973
GCGS1035_SSRR	10973
GCGS0644_SSSS	10974
GCGS0394_RSSS	10977
GCGS0522_SSSS	10977
GCGS0778_SSRS	10978
GCGS0587_RSSS	10978
GCGS1066_SsRS	10979
GCGS0661_SSSS	10979
GCGS0458_SSSS	10979
GCGS0696_RSSS	10979
GCGS0698_RSSS	10981
GCGS0802_SSRS	10982
GCGS0803_SSRS	10982
GCGS0371_RSSS	10982
GCGS0907_SSRS	10983
GCGS0928_SSRS	10984
GCGS0801_SSRS	10986
GCGS0753_SSRS	10987
GCGS0634_SSRS	10990
GCGS0083_SSSS	10990
GCGS0674_SSRS	10991
GCGS0172_RSSS	10992
GCGS0552_SSSS	10994
GCGS0433_SSSS	10994
GCGS0756_SSRS	10995
GCGS0481_RSRS	10999
GCGS1061_SSRS	11000
GCGS0512_SSRS	11000
GCGS1067_SsRS	11002
GCGS0789_SSSS	11002
GCGS0559_SSRS	11003
GCGS0084_SSSS	11003
GCGS1064_SsRS	11004
GCGS1059_SsRS	11004
GCGS1050_SsRS	11004
GCGS1027_SsRS	11005
GCGS1015_SSRS	11006
GCGS0056_SSRS	11006
GCGS1065_SsRS	11007
GCGS1038_SsRS	11008
GCGS0692_SSRS	11010
GCGS0602_SSRS	11012
GCGS0762_SSRS	11012
GCGS0206_SSRS	11014
GCGS0022_SSRS	11014
GCGS1093_SSSS	11015
GCGS0032_SSRS	11015
GCGS0060_SSRS	11016
GCGS0717_SSRS	11017
GCGS1036_SSRS	11017
GCGS0806_SSRS	11017
GCGS0168_SSRS	11020
GCGS0116_SSRS	11021
GCGS1020_SsRS	11021
GCGS0190_SSRS	11022
GCGS0170_SSRS	11022
GCGS0026_SSRS	11022
GCGS0655_SSSS	11025
GCGS0859_SSRS	11027
GCGS0700_SSRS	11030
GCGS0327_RSRS	11032
GCGS1024_SSRS	11032
GCGS0044_SSRS	11032
GCGS0164_SSRS	11033
GCGS0361_RSSS	11033
GCGS0810_SSRS	11034
GCGS1021_SsRS	11042
GCGS0688_SSRS	11044
GCGS0297_RSSS	11044
GCGS0296_RSSS	11045
GCGS0078_SSRS	11046
GCGS0298_RSSS	11049
GCGS0768_SSSS	11061
GCGS0339_RSSS	11071
GCGS1102_SSRS	11072
GCGS1099_SSRS	11072
GCGS0746_SSRS	11110
GCGS0180_SSRS	11111
GCGS0733_RSRS	11113
GCGS0748_SSRS	11114
GCGS0563_RSRS	11115
GCGS0186_SSRS	11117
GCGS0457_SSSS	11118
WHO_K_SRRS	11126
GCGS0769_SSSS	11135
GCGS0306_SSSS	11139
GCGS0146_SSRS	11148
GCGS0188_SSRS	11151
GCGS0210_SSRS	11151
GCGS0212_SSRS	11156
GCGS0090_SSRS	11157
GCGS0495_SSRS	11159
GCGS0603_SSRS	11161
GCGS0112_SSRS	11165
GCGS0321_SSRS	11166
GCGS0515_SSRS	11166
GCGS0216_SSRS	11172
GCGS0764_SSRS	11174
GCGS0730_SSRS	11175
GCGS0666_SSRS	11175
GCGS0383_SSRS	11177
GCGS0667_SSRS	11177
GCGS0331_SSRS	11186
GCGS0398_SSSS	11189
GCGS0346_SSRS	11190
GCGS0469_SSRS	11191
GCGS0334_SSRS	11192
GCGS1013_SRSR	11199
GCGS0154_SSRS	11200
GCGS0459_SSSS	11200
GCGS0370_SSRS	11201
GCGS0494_SSRS	11209
GCGS0585_SSRS	11225
GCGS0012_SSSS	11239
GCGS0739_SSRS	11242
GCGS0014_SSSS	11242
GCGS0396_SSRS	11243
GCGS0016_SSSS	11246
GCGS0100_SSSS	11254
GCGS0743_SSSS	11255
GCGS0744_SSSS	11257
GCGS0832_SSSS	11260
GCGS0476_RSSS	11272
GCGS0008_SSRS	11276
GCGS0478_RSSS	11276
GCGS0669_SSSS	11277
GCGS1097_SSSS	11282
GCGS0742_SSSS	11284
GCGS0709_SSSS	11289
GCGS0418_SSSS	11292
GCGS0839_SSSS	11309
WHO_X_SRRR	11309
WHO_W_SRRS	11310
GCGS0393_SSSS	11311
GCGS0514_SSRS	11323
GCGS0680_SSSS	11326
GCGS0586_RSSS	11331
WHO_Z_SRRR	11337
GCGS0926_SRRS	11338
GCGS1075_SsSS	11343
GCGS0728_SSSS	11347
GCGS0729_SSSS	11347
GCGS0572_SSSS	11348
GCGS0318_SSSS	11352
GCGS0472_SSSS	11353
GCGS0369_SSRS	11392
GCGS0184_SSRS	11393
GCGS0064_SSSS	11400
GCGS0517_SSRS	11436
GCGS0921_SRRS	11475
GCGS1042_SRRR	11479
GCGS0930_SRRS	11480
GCGS1051_SSRS	11481
GCGS1049_SSRR	11481
GCGS0944_SRRS	11481
GCGS1052_SSRS	11482
GCGS1057_SRRR	11482
GCGS0920_SRRR	11483
GCGS1056_SSRS	11484
GCGS0618_SSSS	11485
GCGS0911_SRRS	11489
GCGS0981_SRRS	11490
GCGS0057_SRRS	11492
GCGS0847_SSRS	11494
GCGS0046_SSRS	11495
GCGS0045_SRRS	11495
GCGS1091_SsRS	11497
GCGS0069_SRRR	11499
GCGS1090_SsRS	11499
GCGS0836_SSRS	11499
GCGS0231_SRRS	11499
GCGS0033_SRRS	11500
GCGS0039_SRRR	11500
GCGS0043_SRRS	11500
GCGS0049_SRRS	11500
GCGS0105_SRRS	11501
GCGS0051_SRRS	11502
GCGS0141_SRRS	11502
GCGS0047_SRRS	11502
GCGS0085_SRRS	11502
GCGS0035_SRRR	11503
GCGS1077_RsRS	11503
GCGS0097_SRRR	11503
GCGS0003_SRRR	11503
GCGS0007_SRRS	11503
GCGS0835_SSRS	11504
GCGS0143_SRRR	11504
GCGS0103_SRRS	11504
GCGS1068_SSRS	11504
GCGS0067_SRRR	11504
GCGS0889_RRRR	11505
GCGS0088_SSRS	11506
GCGS0053_SRRR	11507
GCGS0178_SSRS	11507
GCGS0147_SRRR	11507
GCGS0075_SRRS	11507
GCGS0328_RSSS	11509
GCGS1079_SsRS	11509
GCGS0061_SRRS	11511
GCGS0925_SRRS	11511
GCGS0166_SSRS	11512
GCGS0068_SSRS	11514
GCGS0076_SSRS	11514
GCGS0179_SRRS	11514
GCGS0065_SRRS	11514
GCGS0181_SRRR	11514
GCGS0183_SRRS	11514
GCGS0127_SRRS	11515
GCGS0929_SRRS	11515
GCGS0087_SRRS	11516
GCGS0030_SSRS	11516
GCGS0079_SRRS	11516
GCGS0187_SRRR	11516
GCGS0063_SRRS	11516
GCGS0114_SSRS	11518
GCGS0081_SRRS	11518
GCGS0995_SRRR	11518
GCGS0185_SRRS	11518
GCGS0965_SRRS	11518
GCGS0946_SRRR	11519
GCGS1003_SRRS	11520
GCGS0992_SRRS	11520
GCGS0945_SRRS	11520
GCGS1078_SRRR	11521
GCGS0344_SSRS	11522
GCGS0996_SRRS	11522
GCGS0997_SRRS	11522
GCGS0986_SRRS	11522
GCGS0984_SRRS	11522
GCGS0909_SRRS	11522
GCGS0129_SRRS	11523
GCGS0123_SRRR	11524
GCGS0159_SRRS	11524
GCGS0101_SRRS	11524
GCGS0125_SRRS	11524
GCGS0037_SRRR	11524
GCGS0571_SSSS	11525
GCGS1001_SRRR	11525
GCGS0998_SRRR	11525
GCGS0915_SRRR	11525
GCGS0135_SRRS	11526
GCGS0121_SRRS	11526
GCGS0133_SRRS	11526
GCGS0139_SRRR	11526
GCGS1008_SRRS	11526
GCGS1009_SRRR	11526
GCGS0237_SRRS	11526
GCGS0095_SRRS	11527
GCGS0962_SRRS	11527
GCGS0833_SSRS	11527
GCGS0874_SRRR	11527
GCGS0924_SRRS	11527
GCGS0195_SRRS	11528
GCGS0908_SRRS	11528
GCGS0910_SRRS	11528
GCGS0189_SRRS	11529
GCGS0844_RSRS	11529
GCGS0881_SRRR	11529
GCGS0242_SSRS	11530
GCGS0851_SSRS	11530
GCGS0145_SRRS	11531
GCGS0973_SRRS	11532
GCGS0102_RSRS	11533
GCGS0137_SRRS	11533
GCGS0841_SSRS	11533
GCGS0021_SRRS	11533
GCGS0872_SRRS	11534
GCGS0059_SRRR	11534
GCGS0041_SRRR	11534
GCGS0001_SRRR	11534
GCGS0017_SRRS	11535
GCGS0019_SRRS	11535
GCGS0716_SSRS	11536
GCGS0089_SRRS	11536
GCGS0124_SSRS	11537
GCGS0025_SRRS	11537
GCGS0027_SRRS	11537
GCGS0883_SRRS	11538
GCGS0914_SRRS	11538
GCGS0077_SRRS	11538
GCGS0157_SRRR	11538
GCGS0028_SSRS	11539
GCGS0160_SSRS	11539
GCGS0382_SSRS	11539
GCGS0969_SRRS	11539
GCGS0239_SRRR	11539
GCGS0109_SRRS	11539
GCGS0029_SRRS	11539
GCGS0107_SRRR	11539
GCGS1002_SRRS	11539
GCGS0834_RSRS	11540
GCGS0987_SRRS	11540
GCGS0155_SRRR	11540
GCGS0894_SRRS	11541
GCGS0759_RSRS	11541
GCGS0151_SRRS	11541
GCGS0115_SRRS	11541
GCGS0113_SRRS	11541
GCGS0111_SRRR	11541
GCGS0715_SSRS	11542
GCGS0066_SSRS	11542
GCGS0055_SRRS	11542
GCGS0977_SRRS	11542
GCGS0227_SRRS	11542
GCGS0229_SRRS	11542
GCGS0031_SRRS	11543
GCGS0325_SSSS	11544
GCGS0904_SRRS	11544
GCGS1000_SRRS	11545
GCGS0897_SRRS	11546
GCGS0900_SRRS	11546
GCGS0896_SRRS	11546
GCGS0119_SRRS	11546
GCGS0117_SRRS	11546
GCGS0895_SRRR	11546
GCGS0241_SRRR	11546
GCGS0205_SRRR	11546
GCGS0898_SRRS	11547
GCGS0966_SRRR	11547
GCGS0936_SRRS	11547
GCGS1004_SRRR	11547
GCGS0131_SRRS	11548
GCGS0165_SRRS	11548
GCGS0983_SRRS	11548
GCGS0349_SSSS	11549
GCGS0970_SRRS	11549
GCGS0901_SRRS	11549
GCGS0893_SRRS	11549
GCGS0891_SRRS	11549
GCGS0892_SRRS	11549
GCGS0903_SRRS	11551
GCGS0873_SRRS	11551
GCGS0899_SRRS	11553
GCGS0848_SSRS	11554
GCGS0937_SRRR	11554
GCGS0949_SRRS	11555
GCGS0886_SRRR	11555
GCGS0757_SSRS	11556
GCGS1016_SRRR	11556
GCGS0177_SRRS	11556
GCGS1005_SRRS	11556
GCGS0885_SRRS	11557
GCGS0104_RSRS	11557
GCGS0856_RSRS	11558
GCGS0163_SRRR	11558
GCGS0999_SRRS	11558
GCGS0023_SRRS	11559
GCGS0980_SRRS	11559
GCGS0913_SRRR	11559
GCGS0887_SRRS	11560
GCGS0917_SRRS	11561
GCGS0918_SRRS	11561
GCGS0938_RRRR	11561
GCGS0880_SRRR	11561
GCGS0876_SRRS	11561
GCGS0877_SRRS	11561
GCGS0888_SRRS	11561
GCGS1007_SRRR	11561
GCGS0884_SRRS	11562
GCGS0942_SRRS	11562
GCGS0849_RSRS	11563
GCGS0943_SRRS	11563
GCGS0875_SRRS	11563
GCGS0990_SSRS	11563
GCGS0869_SRRS	11563
GCGS0862_SRRS	11563
WHO_Y_SRRR	11563
GCGS0927_SRRS	11564
GCGS0933_SSRS	11564
GCGS0838_RSRS	11564
GCGS0868_SRRS	11564
GCGS0939_SRRS	11564
GCGS0940_SRRS	11564
GCGS0842_RSRR	11565
GCGS0878_SRRS	11567
GCGS0837_SSRS	11568
GCGS0678_SSSS	11569
GCGS0882_SRRS	11569
GCGS0740_SSRS	11569
GCGS0922_SRRS	11569
GCGS0934_SSRS	11570
GCGS0864_SRRR	11570
GCGS0985_SRRS	11570
GCGS0906_SRRS	11570
GCGS0976_SRRS	11571
GCGS0975_SRRS	11571
GCGS0822_SSRS	11575
GCGS0988_SRRS	11576
GCGS0235_SRRS	11577
GCGS0993_SRRS	11579
GCGS0902_SRRS	11580
GCGS1006_SRRS	11580
GCGS0932_SRRS	11580
GCGS0781_SSRS	11582
GCGS0863_SRRR	11583
GCGS0767_SRRR	11585
GCGS0005_SRRS	11585
GCGS0912_SRRR	11590
GCGS0233_SRRS	11590
GCGS0091_SRRS	11594
GCGS1011_SRRS	11596
GCGS0871_SRRS	11597
GCGS0093_SRRR	11597
GCGS0994_SRRS	11599
GCGS0947_SRRS	11602
GCGS0968_SSRS	11602
GCGS0948_SRRS	11605
GCGS0905_SRRS	11609
GCGS0780_SSRS	11609
GCGS0951_SRRS	11610
GCGS0953_SRRS	11613
GCGS0950_SRRR	11613
GCGS0955_SRRS	11613
GCGS0952_SRRS	11614
GCGS0954_SRRS	11614
GCGS0960_SRRR	11614
GCGS0956_SRRS	11614
GCGS1010_SRRS	11615
GCGS0935_SRRS	11615
GCGS0923_SRRR	11615
GCGS0958_SRRR	11616
GCGS0879_SRRS	11616
GCGS0722_SSRS	11617
GCGS0961_SRRR	11620
GCGS0959_SRRR	11621
GCGS0957_SRRS	11622
GCGS0963_SRRS	11624
GCGS0978_SRRS	11632
GCGS0919_SRRS	11638
GCGS0034_SSRS	11642
GCGS0690_SSRS	11643
GCGS0464_SSRS	11644
GCGS0972_SRRS	11646
GCGS0979_SRRS	11647
GCGS1012_SRRS	11648
GCGS0708_RSRS	11649
GCGS0967_SRRS	11655
GCGS0916_SRRS	11656
GCGS0684_SSRS	11659
GCGS0796_SSRS	11659
GCGS0510_SSRS	11661
GCGS0710_SSRS	11661
GCGS0798_SSRS	11662
GCGS0628_SSRS	11662
GCGS0797_SSRS	11663
GCGS0617_SSRS	11663
GCGS0589_RSRS	11663
GCGS0627_SSRR	11664
GCGS0588_SSRS	11664
GCGS0854_SSRS	11664
GCGS0683_SSRS	11665
GCGS0352_RSRS	11665
GCGS0590_SSRS	11667
GCGS0860_RSRS	11668
GCGS0991_SSRS	11668
GCGS0385_SSRS	11670
GCGS0971_SRRS	11671
GCGS0989_SRRS	11672
GCGS0388_SSRS	11673
GCGS0626_SSRS	11675
GCGS0446_SSRS	11675
GCGS0493_SSRS	11675
GCGS0974_SRRS	11675
GCGS0499_SSRS	11678
GCGS0776_SSRS	11678
GCGS0664_SSRS	11678
GCGS0625_SSRS	11680
GCGS0506_SSRS	11680
GCGS0982_SRRS	11680
GCGS0686_SSRS	11681
GCGS1085_SsRS	11682
GCGS0811_SSRS	11682
GCGS0094_SSRS	11683
GCGS0629_SSRS	11683
GCGS0004_SSRS	11683
GCGS0673_SSRS	11684
GCGS0490_RSRS	11686
GCGS1072_SsRS	11686
GCGS0410_SSRS	11689
GCGS1071_SsRS	11689
GCGS1026_RsRS	11691
GCGS0036_SSRS	11691
GCGS0444_SSRS	11692
GCGS0653_RSRS	11694
GCGS1070_SrRS	11698
GCGS0058_SSRS	11699
GCGS1098_SSRS	11700
GCGS0414_SSRS	11701
GCGS0278_SSRS	11703
GCGS0368_SSRS	11704
GCGS0799_SSRS	11705
GCGS0785_SSRS	11708
GCGS0654_SSRS	11708
GCGS0773_SSRS	11709
GCGS0238_SSRS	11709
GCGS0711_SSRS	11710
GCGS1094_SSRS	11710
GCGS0632_SSRS	11710
GCGS0631_SSRS	11711
GCGS0480_SSRS	11711
GCGS1060_SsRS	11711
GCGS0491_SSRS	11712
GCGS1058_SsRS	11712
GCGS0513_SSRS	11715
GCGS0774_SSRS	11715
GCGS0775_SSRS	11716
GCGS1104_SSRS	11716
GCGS0508_SSRS	11717
GCGS0636_SSRS	11720
GCGS0158_SSRS	11722
GCGS1084_SsRS	11724
GCGS0783_SSRS	11725
GCGS0650_SSRS	11725
GCGS0606_SSRS	11725
GCGS0725_SSRS	11725
GCGS0487_SSRS	11727
GCGS0232_SSRS	11727
GCGS0236_SSRS	11727
GCGS0234_SSRS	11729
GCGS0779_SSRS	11729
GCGS0858_SSRS	11729
GCGS0693_SSRS	11729
GCGS0122_SSRS	11730
GCGS0591_SSRS	11731
GCGS0707_SSRS	11731
GCGS0706_SSRS	11731
GCGS0558_SSRS	11732
GCGS0040_SSRS	11733
GCGS0448_SSRS	11734
GCGS0592_SSRS	11734
GCGS0140_SSRS	11734
GCGS0712_SSRS	11736
GCGS0319_SSRS	11736
GCGS0452_SSRS	11736
GCGS0676_SSRS	11736
GCGS0568_SSRS	11737
GCGS0656_SSRS	11738
GCGS0557_SSRS	11740
GCGS0130_SSRS	11741
GCGS0002_SSRS	11743
GCGS0483_SSRS	11743
GCGS0024_SSRS	11745
GCGS0861_SSRS	11747
GCGS0597_SSRS	11747
GCGS0082_SSRS	11749
GCGS0451_SSRS	11751
GCGS0511_SSRS	11751
GCGS1037_SsRS	11753
GCGS1018_RsRS	11754
GCGS0596_SSRS	11754
GCGS0840_SSRS	11763
GCGS0413_SSRS	11764
GCGS0415_SSRS	11764
GCGS0196_SSRS	11764
GCGS0659_SSRS	11764
GCGS0695_SSRS	11765
GCGS0080_SSRS	11766
GCGS0381_SSRS	11767
GCGS1069_SsRS	11769
GCGS0677_SSRS	11769
GCGS0333_SSRS	11771
GCGS0411_SSRS	11772
GCGS0099_SRRR	11774
GCGS0006_SSRS	11775
GCGS0054_SSRS	11780
GCGS0042_SSRS	11780
GCGS0347_SSSS	11782
GCGS0608_SSRS	11790
GCGS0754_SSRS	11790
GCGS0108_SSRS	11791
GCGS0330_RSRS	11796
GCGS0609_RSRS	11797
GCGS0148_SSRS	11807
GCGS0086_SSRS	11809
GCGS1101_SSRS	11809
GCGS0419_SSRS	11809
GCGS0675_SSRS	11810
GCGS0639_SSRS	11812
GCGS0020_SSRS	11814
GCGS1023_SsRS	11817
GCGS0220_SSRS	11819
GCGS0182_SSRS	11820
GCGS0214_SSRS	11821
GCGS0463_SSRS	11829
GCGS0689_SSRS	11857
GCGS0633_SSRS	11859
GCGS1087_RsRS	11861
GCGS1089_SsRS	11863
GCGS1086_SsRS	11863
GCGS1080_SsRS	11867
GCGS1088_SsRS	11868
GCGS0507_SSRS	11872
GCGS1092_SsRS	11876
GCGS0052_SSRS	11887
GCGS1041_SsRS	11888
GCGS0637_SSRS	11907
GCGS1054_RsRS	11907
GCGS0562_RSRS	11913
GCGS0132_SSRS	11913
GCGS1100_SSRS	11917
GCGS0152_SSRS	11920
GCGS0731_SSRS	11922
GCGS1073_SsRS	11932
GCGS0360_SSRS	11945
GCGS0194_SSRS	11948
GCGS0070_SSRS	11948
GCGS0222_SSRS	11948
GCGS0466_SSRS	11951
GCGS0384_SSRS	11956
GCGS0437_SSRS	11960
GCGS0549_SSRS	11962
GCGS0551_SSRS	11963
GCGS0548_SSRS	11964
WHO_V_RSRS	11967
GCGS0320_SSRS	11968
GCGS0553_SSRS	12007
GCGS0475_SSRS	12033
