node	dist to WHO_G_SSSS
WHO_G_SSSS	0
WHO_N_SSRS	1268
GCGS0624_SSRS	3989
GCGS0247_RSSS	3998
GCGS0317_SSSS	4063
GCGS1062_RsSS	4078
GCGS0286_SSSS	4082
GCGS0604_RSSS	4087
GCGS0745_RSSS	4091
GCGS0509_SSRS	4092
GCGS0356_RSSS	4102
GCGS0795_RSSS	4103
GCGS0524_SSSS	4104
GCGS0577_RSSS	4110
GCGS0578_RSSS	4115
GCGS0470_RSSS	4116
GCGS0581_RSSS	4116
GCGS0409_SSSS	4120
GCGS1081_RsSS	4126
GCGS0595_RSSS	4127
GCGS0621_RSSS	4132
GCGS0813_RSSS	4132
GCGS0741_RSSS	4134
GCGS0622_SSSS	4135
GCGS0503_RSSS	4136
GCGS0719_RSSS	4139
GCGS0340_SSSS	4140
GCGS0269_SSSS	4141
GCGS0341_SSSS	4141
GCGS0343_SSSS	4142
GCGS0342_RSSS	4144
GCGS0771_SSSS	4145
GCGS0434_SSSS	4145
GCGS0505_RSSS	4146
GCGS0567_RSSS	4151
GCGS0772_RSSS	4153
WHO_P_RSSS	4156
GCGS0275_RSSS	4163
GCGS0705_RSSS	4165
GCGS0527_RSSS	4173
GCGS0721_RSSS	4174
GCGS0276_SSSS	4174
GCGS0391_RSSS	4179
GCGS0299_RSSS	4180
GCGS0534_RSSS	4180
GCGS0532_RSSS	4180
GCGS0535_RSSS	4181
GCGS0531_RSSS	4183
GCGS0417_RSSS	4186
GCGS0254_RSSS	4188
GCGS0289_RSSS	4189
GCGS0288_RSSS	4190
GCGS0751_RSSS	4191
GCGS0380_RSSS	4191
GCGS0308_RSSS	4192
GCGS0533_RSSS	4193
GCGS0323_RSSS	4202
GCGS0285_RSSS	4204
GCGS0329_RSSS	4205
GCGS0528_RSSS	4206
GCGS0264_RSSS	4208
GCGS0267_RSSS	4211
GCGS0272_RSSS	4211
GCGS1022_RsSS	4212
GCGS1083_RrSS	4213
GCGS1082_RrSS	4213
GCGS0435_RSSS	4214
GCGS0720_RSSS	4214
GCGS0635_RSSS	4215
GCGS0271_RSSS	4216
GCGS0392_RSSS	4217
GCGS0365_SSSS	4219
GCGS0601_SSSS	4219
GCGS0416_RSSS	4219
GCGS0300_RSSS	4219
GCGS0536_SSSS	4220
GCGS0691_RSSS	4223
GCGS0823_RSSS	4225
GCGS0447_RSSS	4230
GCGS0106_RSSS	4230
GCGS1034_RsSS	4232
GCGS0362_SSSS	4234
GCGS0407_SSSS	4235
GCGS0251_SSSS	4243
GCGS0540_SSSS	4251
GCGS0610_RSSS	4256
GCGS0750_SSSS	4257
GCGS0829_SSSS	4265
GCGS1030_RsSS	4272
GCGS0763_RSSS	4274
GCGS0337_SSSS	4276
GCGS0649_RSSS	4276
GCGS1032_RsSS	4278
GCGS1031_RsSS	4278
GCGS1033_RsSS	4279
GCGS0009_SSSS	4283
GCGS0062_SSRS	4292
GCGS0546_SSSS	4301
GCGS1025_RsSS	4302
WHO_M_SSRS	4306
GCGS0010_SSSS	4310
GCGS0144_SSSS	4312
GCGS0359_SSSS	4319
GCGS0092_SSSS	4320
GCGS0663_SSSS	4332
GCGS0071_SRSS	4334
GCGS0175_SRSS	4338
GCGS0197_SRSS	4338
GCGS0167_SRSS	4339
GCGS0169_SRSS	4339
GCGS0207_SRSS	4339
GCGS0199_SRSS	4339
GCGS0191_SRSS	4339
GCGS0209_SRSS	4340
GCGS0193_SRSS	4341
GCGS0211_SRSS	4341
GCGS0173_SRSS	4341
GCGS0073_SRSS	4341
GCGS0171_SRSS	4341
GCGS0217_SRSS	4341
GCGS0219_SRSS	4341
GCGS0225_SRSS	4342
GCGS0820_SSSS	4342
GCGS0221_SRSS	4343
GCGS0215_SRSS	4343
GCGS0223_SRSS	4344
GCGS0941_SRSS	4345
GCGS0201_SRSS	4346
GCGS0203_SRSS	4346
GCGS0821_SSSS	4346
GCGS0149_SRSS	4348
GCGS0727_SSSS	4349
GCGS0213_SRSS	4350
GCGS0853_SSSS	4357
GCGS0931_SRSS	4359
GCGS0153_SRSS	4359
GCGS0161_SRSS	4363
GCGS0523_RSSS	4364
GCGS0890_SRSS	4368
GCGS0964_SRSS	4372
GCGS0249_RSSS	4383
GCGS0202_RSSS	4390
GCGS0204_RSSS	4390
GCGS0374_SSSS	4390
GCGS0226_RSSS	4394
GCGS0467_RSSS	4395
GCGS0176_RSSS	4395
GCGS0324_SSSS	4396
GCGS0224_RSSS	4397
GCGS0018_RSSS	4397
GCGS0120_RSSS	4397
GCGS0364_SSSS	4398
GCGS0694_RSSS	4399
GCGS0198_RSSS	4399
GCGS0336_SSSS	4400
GCGS0230_RSSS	4400
GCGS0665_RSSS	4402
GCGS0766_SSSS	4404
GCGS0228_RSSS	4404
GCGS0218_RSSS	4406
GCGS0516_RSSS	4410
GCGS0126_SSSS	4413
GCGS0378_SSSS	4414
GCGS0701_SSSS	4416
GCGS0642_SSSS	4416
GCGS0110_RSSS	4416
GCGS0038_RSSS	4417
GCGS0379_SSSS	4418
GCGS0136_RSSS	4418
GCGS0455_SSSS	4419
GCGS0354_RSSS	4420
GCGS0660_SSSS	4421
GCGS0638_RSSS	4423
GCGS0436_RSSS	4423
GCGS1095_SRSR	4424
GCGS0128_RSSS	4425
GCGS0118_RSSS	4426
GCGS0174_RSSS	4427
GCGS0138_RSSS	4429
GCGS0401_RSSS	4429
GCGS0156_RSSS	4429
GCGS0857_SSSS	4430
GCGS0372_RSSS	4431
GCGS0098_RSSS	4431
GCGS0096_RSSS	4431
GCGS0482_RSSS	4431
GCGS0332_RSSS	4433
GCGS0335_SSSS	4434
GCGS0787_SSSS	4434
GCGS0468_RSSS	4435
GCGS0807_SSRS	4438
GCGS0657_SSSS	4440
GCGS0574_RSSS	4441
GCGS0582_SSSS	4441
GCGS0658_SSSS	4443
GCGS0074_SSSS	4444
GCGS0422_SSSS	4444
GCGS0484_RSSS	4444
GCGS0485_RSSS	4444
GCGS0541_SSSS	4445
GCGS1014_SRSR	4445
GCGS0477_RSSS	4445
GCGS0564_RSSS	4446
GCGS0545_SSSS	4446
GCGS0670_SSSS	4447
GCGS0732_SSSS	4447
GCGS0550_RSSS	4448
GCGS0560_RSSS	4448
GCGS0641_SSRS	4448
GCGS0583_SSSS	4449
GCGS0426_SSSS	4449
GCGS0544_SSSS	4449
GCGS0593_SSSS	4450
GCGS0584_SSSS	4450
GCGS0518_RSSS	4450
GCGS0338_RSSS	4452
GCGS0575_RSSS	4453
GCGS0497_RSSS	4453
GCGS0355_RSSS	4454
WHO_U_SSSS	4456
GCGS0645_SSSS	4456
GCGS0747_SSSS	4457
GCGS0402_RSSS	4459
GCGS0403_RSSS	4459
GCGS0405_RSSS	4459
GCGS0404_RSSS	4459
GCGS0827_SSSS	4460
GCGS0406_RSSS	4461
GCGS0681_SSSS	4462
GCGS0611_RSSS	4463
GCGS0316_SSSS	4464
GCGS0643_SSSS	4467
GCGS0192_RSSS	4471
GCGS0644_SSSS	4474
GCGS0394_RSSS	4477
GCGS0522_SSSS	4478
GCGS0587_RSSS	4479
GCGS0696_RSSS	4479
GCGS0661_SSSS	4480
GCGS0458_SSSS	4480
GCGS0698_RSSS	4481
GCGS0371_RSSS	4483
GCGS0083_SSSS	4490
GCGS0172_RSSS	4492
GCGS0552_SSSS	4494
GCGS0433_SSSS	4494
GCGS0789_SSSS	4502
GCGS0084_SSSS	4503
GCGS0655_SSSS	4525
GCGS0361_RSSS	4533
GCGS0297_RSSS	4544
GCGS0296_RSSS	4546
GCGS0298_RSSS	4549
GCGS0768_SSSS	4561
GCGS0339_RSSS	4572
GCGS0457_SSSS	4619
WHO_K_SRRS	4627
GCGS0306_SSSS	4640
GCGS1013_SRSR	4699
GCGS0459_SSSS	4701
GCGS0585_SSRS	4725
GCGS0012_SSSS	4739
GCGS0014_SSSS	4743
GCGS0016_SSSS	4746
GCGS0100_SSSS	4754
GCGS0743_SSSS	4755
GCGS0744_SSSS	4757
GCGS0832_SSSS	4761
GCGS0476_RSSS	4772
GCGS0478_RSSS	4776
GCGS0669_SSSS	4778
GCGS1097_SSSS	4783
GCGS0742_SSSS	4785
GCGS0709_SSSS	4789
GCGS0418_SSSS	4792
WHO_X_SRRR	4809
GCGS0839_SSSS	4810
GCGS0393_SSSS	4811
WHO_W_SRRS	4811
GCGS0680_SSSS	4827
GCGS0586_RSSS	4832
WHO_Z_SRRR	4838
GCGS0926_SRRS	4839
GCGS1075_SsSS	4844
GCGS0729_SSSS	4847
GCGS0728_SSSS	4848
GCGS0572_SSSS	4848
GCGS0318_SSSS	4852
GCGS0472_SSSS	4853
GCGS0064_SSSS	4901
GCGS0921_SRRS	4975
GCGS1042_SRRR	4979
GCGS0930_SRRS	4980
GCGS1051_SSRS	4981
GCGS1049_SSRR	4981
GCGS0944_SRRS	4981
GCGS1052_SSRS	4983
GCGS1057_SRRR	4983
GCGS0920_SRRR	4983
GCGS1056_SSRS	4985
GCGS0618_SSSS	4986
GCGS0911_SRRS	4990
GCGS0981_SRRS	4991
GCGS0057_SRRS	4992
GCGS0847_SSRS	4995
GCGS0046_SSRS	4996
GCGS0045_SRRS	4996
GCGS1091_SsRS	4998
GCGS0836_SSRS	4999
GCGS0231_SRRS	4999
GCGS0069_SRRR	5000
GCGS1090_SsRS	5000
GCGS0033_SRRS	5001
GCGS0105_SRRS	5001
GCGS0039_SRRR	5001
GCGS0043_SRRS	5001
GCGS0049_SRRS	5001
GCGS0085_SRRS	5002
GCGS0051_SRRS	5003
GCGS0141_SRRS	5003
GCGS0047_SRRS	5003
GCGS0097_SRRR	5003
GCGS0003_SRRR	5003
GCGS0007_SRRS	5003
GCGS0035_SRRR	5004
GCGS1077_RsRS	5004
GCGS0835_SSRS	5004
GCGS0143_SRRR	5004
GCGS1068_SSRS	5004
GCGS0889_RRRR	5005
GCGS0103_SRRS	5005
GCGS0067_SRRR	5005
GCGS0088_SSRS	5006
GCGS0053_SRRR	5007
GCGS0178_SSRS	5007
GCGS0147_SRRR	5008
GCGS0075_SRRS	5008
GCGS0328_RSSS	5009
GCGS1079_SsRS	5010
GCGS0061_SRRS	5011
GCGS0925_SRRS	5011
GCGS0166_SSRS	5012
GCGS0068_SSRS	5015
GCGS0076_SSRS	5015
GCGS0179_SRRS	5015
GCGS0065_SRRS	5015
GCGS0181_SRRR	5015
GCGS0183_SRRS	5015
GCGS0929_SRRS	5015
GCGS0030_SSRS	5016
GCGS0079_SRRS	5016
GCGS0127_SRRS	5016
GCGS0187_SRRR	5016
GCGS0087_SRRS	5017
GCGS0063_SRRS	5017
GCGS0114_SSRS	5018
GCGS0081_SRRS	5018
GCGS0995_SRRR	5018
GCGS0185_SRRS	5019
GCGS0965_SRRS	5019
GCGS0992_SRRS	5020
GCGS0945_SRRS	5020
GCGS0946_SRRR	5020
GCGS1003_SRRS	5021
GCGS0344_SSRS	5022
GCGS0996_SRRS	5022
GCGS0997_SRRS	5022
GCGS0986_SRRS	5022
GCGS0984_SRRS	5022
GCGS1078_SRRR	5022
GCGS0129_SRRS	5023
GCGS0909_SRRS	5023
GCGS0037_SRRR	5024
GCGS0123_SRRR	5025
GCGS0159_SRRS	5025
GCGS0101_SRRS	5025
GCGS0125_SRRS	5025
GCGS0571_SSSS	5026
GCGS1001_SRRR	5026
GCGS0135_SRRS	5026
GCGS0121_SRRS	5026
GCGS0998_SRRR	5026
GCGS0915_SRRR	5026
GCGS1008_SRRS	5026
GCGS1009_SRRR	5026
GCGS0095_SRRS	5027
GCGS0133_SRRS	5027
GCGS0139_SRRR	5027
GCGS0962_SRRS	5027
GCGS0833_SSRS	5027
GCGS0237_SRRS	5027
GCGS0874_SRRR	5027
GCGS0195_SRRS	5028
GCGS0908_SRRS	5028
GCGS0910_SRRS	5028
GCGS0924_SRRS	5028
GCGS0844_RSRS	5029
GCGS0881_SRRR	5029
GCGS0189_SRRS	5030
GCGS0851_SSRS	5030
GCGS0242_SSRS	5031
GCGS0145_SRRS	5032
GCGS0102_RSRS	5033
GCGS0841_SSRS	5033
GCGS0973_SRRS	5033
GCGS0872_SRRS	5034
GCGS0137_SRRS	5034
GCGS0021_SRRS	5034
GCGS0001_SRRR	5034
GCGS0059_SRRR	5035
GCGS0041_SRRR	5035
GCGS0716_SSRS	5036
GCGS0017_SRRS	5036
GCGS0019_SRRS	5036
GCGS0089_SRRS	5037
GCGS0883_SRRS	5038
GCGS0124_SSRS	5038
GCGS0077_SRRS	5038
GCGS0025_SRRS	5038
GCGS0027_SRRS	5038
GCGS0157_SRRR	5038
GCGS0382_SSRS	5039
GCGS0914_SRRS	5039
GCGS0969_SRRS	5039
GCGS0029_SRRS	5039
GCGS0107_SRRR	5039
GCGS1002_SRRS	5039
GCGS0028_SSRS	5040
GCGS0160_SSRS	5040
GCGS0239_SRRR	5040
GCGS0109_SRRS	5040
GCGS0155_SRRR	5040
GCGS0834_RSRS	5041
GCGS0894_SRRS	5041
GCGS0759_RSRS	5041
GCGS0987_SRRS	5041
GCGS0115_SRRS	5041
GCGS0113_SRRS	5041
GCGS0111_SRRR	5041
GCGS0715_SSRS	5042
GCGS0066_SSRS	5042
GCGS0055_SRRS	5042
GCGS0151_SRRS	5042
GCGS0227_SRRS	5042
GCGS0229_SRRS	5042
GCGS0977_SRRS	5043
GCGS0031_SRRS	5043
GCGS0325_SSSS	5044
GCGS0904_SRRS	5045
GCGS1000_SRRS	5045
GCGS0897_SRRS	5046
GCGS0900_SRRS	5046
GCGS0896_SRRS	5046
GCGS0119_SRRS	5046
GCGS0117_SRRS	5046
GCGS0895_SRRR	5046
GCGS0205_SRRR	5046
GCGS0966_SRRR	5047
GCGS1004_SRRR	5047
GCGS0241_SRRR	5047
GCGS0898_SRRS	5048
GCGS0936_SRRS	5048
GCGS0165_SRRS	5048
GCGS0983_SRRS	5048
GCGS0349_SSSS	5049
GCGS0131_SRRS	5049
GCGS0893_SRRS	5049
GCGS0891_SRRS	5049
GCGS0892_SRRS	5049
GCGS0970_SRRS	5050
GCGS0901_SRRS	5050
GCGS0903_SRRS	5051
GCGS0873_SRRS	5052
GCGS0899_SRRS	5053
GCGS0848_SSRS	5055
GCGS0937_SRRR	5055
GCGS0949_SRRS	5055
GCGS0886_SRRR	5055
GCGS1016_SRRR	5056
GCGS0757_SSRS	5057
GCGS0885_SRRS	5057
GCGS0104_RSRS	5057
GCGS0177_SRRS	5057
GCGS1005_SRRS	5057
GCGS0856_RSRS	5058
GCGS0999_SRRS	5058
GCGS0023_SRRS	5059
GCGS0163_SRRR	5059
GCGS0980_SRRS	5060
GCGS0887_SRRS	5060
GCGS0913_SRRR	5060
GCGS0917_SRRS	5061
GCGS0918_SRRS	5061
GCGS0938_RRRR	5061
GCGS0888_SRRS	5061
GCGS0880_SRRR	5062
GCGS0876_SRRS	5062
GCGS0877_SRRS	5062
GCGS0884_SRRS	5062
GCGS1007_SRRR	5062
GCGS0942_SRRS	5062
GCGS0990_SSRS	5063
GCGS0869_SRRS	5063
GCGS0849_RSRS	5064
GCGS0943_SRRS	5064
GCGS0875_SRRS	5064
GCGS0927_SRRS	5064
GCGS0862_SRRS	5064
GCGS0933_SSRS	5064
WHO_Y_SRRR	5064
GCGS0838_RSRS	5064
GCGS0868_SRRS	5064
GCGS0939_SRRS	5064
GCGS0940_SRRS	5064
GCGS0842_RSRR	5065
GCGS0878_SRRS	5067
GCGS0837_SSRS	5068
GCGS0882_SRRS	5069
GCGS0678_SSSS	5070
GCGS0985_SRRS	5070
GCGS0740_SSRS	5070
GCGS0922_SRRS	5070
GCGS0934_SSRS	5071
GCGS0976_SRRS	5071
GCGS0975_SRRS	5071
GCGS0864_SRRR	5071
GCGS0906_SRRS	5071
GCGS0822_SSRS	5075
GCGS0235_SRRS	5077
GCGS0988_SRRS	5077
GCGS0993_SRRS	5079
GCGS0902_SRRS	5081
GCGS1006_SRRS	5081
GCGS0932_SRRS	5081
GCGS0781_SSRS	5083
GCGS0863_SRRR	5084
GCGS0767_SRRR	5085
GCGS0005_SRRS	5086
GCGS0912_SRRR	5090
GCGS0233_SRRS	5090
GCGS0091_SRRS	5095
GCGS1011_SRRS	5096
GCGS0871_SRRS	5097
GCGS0093_SRRR	5097
GCGS0994_SRRS	5100
GCGS0947_SRRS	5102
GCGS0968_SSRS	5102
GCGS0948_SRRS	5105
GCGS0905_SRRS	5109
GCGS0780_SSRS	5109
GCGS0951_SRRS	5111
GCGS0953_SRRS	5113
GCGS0950_SRRR	5113
GCGS0955_SRRS	5114
GCGS0952_SRRS	5115
GCGS0954_SRRS	5115
GCGS0960_SRRR	5115
GCGS0956_SRRS	5115
GCGS1010_SRRS	5115
GCGS0935_SRRS	5115
GCGS0923_SRRR	5115
GCGS0958_SRRR	5117
GCGS0722_SSRS	5117
GCGS0879_SRRS	5117
GCGS0961_SRRR	5120
GCGS0959_SRRR	5121
GCGS0957_SRRS	5122
GCGS0963_SRRS	5124
GCGS0978_SRRS	5132
GCGS0919_SRRS	5138
GCGS0034_SSRS	5143
GCGS0690_SSRS	5144
GCGS0464_SSRS	5144
GCGS0972_SRRS	5146
GCGS0979_SRRS	5148
GCGS1012_SRRS	5149
GCGS0708_RSRS	5150
GCGS0967_SRRS	5155
GCGS0916_SRRS	5156
GCGS0684_SSRS	5159
GCGS0796_SSRS	5159
GCGS0510_SSRS	5161
GCGS0798_SSRS	5162
GCGS0628_SSRS	5162
GCGS0710_SSRS	5162
GCGS0617_SSRS	5163
GCGS0589_RSRS	5163
GCGS0627_SSRR	5164
GCGS0797_SSRS	5164
GCGS0588_SSRS	5164
GCGS0352_RSRS	5165
GCGS0854_SSRS	5165
GCGS0683_SSRS	5166
GCGS0590_SSRS	5167
GCGS0860_RSRS	5169
GCGS0991_SSRS	5169
GCGS0385_SSRS	5170
GCGS0971_SRRS	5171
GCGS0989_SRRS	5172
GCGS0388_SSRS	5174
GCGS0446_SSRS	5175
GCGS0974_SRRS	5175
GCGS0626_SSRS	5176
GCGS0493_SSRS	5176
GCGS0776_SSRS	5178
GCGS0664_SSRS	5178
GCGS0499_SSRS	5179
GCGS0506_SSRS	5180
GCGS0982_SRRS	5180
GCGS0686_SSRS	5181
GCGS0625_SSRS	5181
GCGS0094_SSRS	5183
GCGS0629_SSRS	5183
GCGS1085_SsRS	5183
GCGS0004_SSRS	5183
GCGS0811_SSRS	5183
GCGS0673_SSRS	5184
GCGS0490_RSRS	5186
GCGS1072_SsRS	5186
GCGS0410_SSRS	5190
GCGS1071_SsRS	5190
GCGS1026_RsRS	5191
GCGS0036_SSRS	5192
GCGS0444_SSRS	5193
GCGS0653_RSRS	5195
GCGS1070_SrRS	5198
GCGS0058_SSRS	5199
GCGS1098_SSRS	5200
GCGS0414_SSRS	5202
GCGS0278_SSRS	5204
GCGS0368_SSRS	5204
GCGS0799_SSRS	5206
GCGS0785_SSRS	5209
GCGS0654_SSRS	5209
GCGS0238_SSRS	5209
GCGS0773_SSRS	5210
GCGS0711_SSRS	5210
GCGS1094_SSRS	5210
GCGS1060_SsRS	5211
GCGS0632_SSRS	5211
GCGS0631_SSRS	5212
GCGS0480_SSRS	5212
GCGS0491_SSRS	5212
GCGS1058_SsRS	5213
GCGS0513_SSRS	5215
GCGS0774_SSRS	5215
GCGS1104_SSRS	5216
GCGS0775_SSRS	5217
GCGS0508_SSRS	5217
GCGS0636_SSRS	5220
GCGS0158_SSRS	5222
GCGS1084_SsRS	5224
GCGS0606_SSRS	5225
GCGS0783_SSRS	5226
GCGS0650_SSRS	5226
GCGS0725_SSRS	5226
GCGS0232_SSRS	5227
GCGS0236_SSRS	5227
GCGS0487_SSRS	5228
GCGS0234_SSRS	5229
GCGS0779_SSRS	5229
GCGS0858_SSRS	5229
GCGS0693_SSRS	5229
GCGS0591_SSRS	5231
GCGS0122_SSRS	5231
GCGS0707_SSRS	5231
GCGS0706_SSRS	5231
GCGS0040_SSRS	5233
GCGS0558_SSRS	5233
GCGS0448_SSRS	5235
GCGS0592_SSRS	5235
GCGS0140_SSRS	5235
GCGS0712_SSRS	5236
GCGS0676_SSRS	5236
GCGS0568_SSRS	5237
GCGS0319_SSRS	5237
GCGS0452_SSRS	5237
GCGS0656_SSRS	5238
GCGS0557_SSRS	5240
GCGS0130_SSRS	5242
GCGS0002_SSRS	5243
GCGS0483_SSRS	5244
GCGS0295_RSSS	5245
GCGS0024_SSRS	5245
GCGS0597_SSRS	5247
GCGS0861_SSRS	5248
GCGS0082_SSRS	5249
GCGS0451_SSRS	5251
GCGS0511_SSRS	5251
GCGS0277_SSSS	5252
GCGS1018_RsRS	5254
GCGS1037_SsRS	5254
GCGS0596_SSRS	5255
GCGS0840_SSRS	5263
GCGS0659_SSRS	5264
GCGS0413_SSRS	5265
GCGS0415_SSRS	5265
GCGS0196_SSRS	5265
GCGS0695_SSRS	5265
GCGS0080_SSRS	5266
GCGS0381_SSRS	5268
GCGS1069_SsRS	5270
GCGS0677_SSRS	5270
GCGS0333_SSRS	5271
GCGS0281_SSSS	5272
GCGS0411_SSRS	5272
GCGS0099_SRRR	5274
GCGS0006_SSRS	5275
GCGS0054_SSRS	5281
GCGS0042_SSRS	5281
GCGS0347_SSSS	5282
GCGS0754_SSRS	5290
GCGS0608_SSRS	5291
GCGS0108_SSRS	5291
GCGS0330_RSRS	5297
GCGS0609_RSRS	5297
GCGS1046_SsSS	5306
GCGS0148_SSRS	5308
GCGS1101_SSRS	5309
GCGS0419_SSRS	5309
GCGS0086_SSRS	5310
GCGS0675_SSRS	5311
GCGS0639_SSRS	5312
GCGS0020_SSRS	5314
GCGS1023_SsRS	5318
GCGS0220_SSRS	5320
GCGS0182_SSRS	5321
GCGS0214_SSRS	5321
GCGS0463_SSRS	5330
GCGS0689_SSRS	5357
GCGS0633_SSRS	5360
GCGS1087_RsRS	5361
GCGS1089_SsRS	5363
GCGS1086_SsRS	5363
GCGS1080_SsRS	5367
GCGS1088_SsRS	5369
GCGS0507_SSRS	5373
GCGS1092_SsRS	5376
GCGS0052_SSRS	5387
GCGS1041_SsRS	5389
GCGS1054_RsRS	5407
GCGS0637_SSRS	5408
GCGS0562_RSRS	5414
GCGS0132_SSRS	5414
GCGS1100_SSRS	5417
GCGS0152_SSRS	5421
GCGS0731_SSRS	5422
GCGS1073_SsRS	5432
GCGS0360_SSRS	5445
GCGS0194_SSRS	5449
GCGS0070_SSRS	5449
GCGS0222_SSRS	5449
GCGS0466_SSRS	5451
GCGS0384_SSRS	5456
GCGS0437_SSRS	5460
GCGS0551_SSRS	5463
GCGS0549_SSRS	5463
GCGS0548_SSRS	5464
WHO_V_RSRS	5467
GCGS0320_SSRS	5468
GCGS0553_SSRS	5507
GCGS0475_SSRS	5533
GCGS0828_SSSS	6904
GCGS0845_SSSS	6931
GCGS0576_SSSS	7007
GCGS0580_SSSS	7015
GCGS0502_SSSS	7019
GCGS0812_SSSS	7019
GCGS0270_SSSS	7025
GCGS0865_SSSS	7027
GCGS0723_SSSS	7027
GCGS0718_SSSS	7027
GCGS0612_SSSS	7027
GCGS0367_RSSS	7028
GCGS0724_SSSS	7028
GCGS0866_SSSS	7028
GCGS0734_SSSS	7028
GCGS0309_SSSS	7029
GCGS0867_SSSS	7029
GCGS0366_SSSS	7030
GCGS0736_SSSS	7030
GCGS0831_SSSS	7031
GCGS0412_SSSS	7032
GCGS0646_SSSS	7032
GCGS0648_SSSS	7032
GCGS0735_SSSS	7033
GCGS0824_SSSS	7034
GCGS0846_SSSS	7034
GCGS0702_SSSS	7036
GCGS1017_SSSS	7038
GCGS0287_SSSS	7038
GCGS0605_SSSS	7039
GCGS0573_SSSS	7039
GCGS0826_SSSS	7040
GCGS0825_SSSS	7040
GCGS0539_SSSS	7040
GCGS0565_SSSS	7041
GCGS0737_SSSS	7041
GCGS0651_SSSS	7041
GCGS0537_SSSS	7042
GCGS0598_SSSS	7043
GCGS0389_SSSS	7044
GCGS0408_SSSS	7044
GCGS0555_RSSS	7045
GCGS0704_RSSS	7046
GCGS0569_SSSS	7048
GCGS0668_SSSS	7049
GCGS0855_SSSS	7049
GCGS0326_SSSS	7049
GCGS0713_RSSS	7050
GCGS0607_SSSS	7051
GCGS1055_RsSS	7051
GCGS0738_SSSS	7051
GCGS0566_SSSS	7052
GCGS0486_SSSS	7053
GCGS0570_SSSS	7053
GCGS0786_SSSS	7053
GCGS0547_SSSS	7054
GCGS0794_SSSS	7057
GCGS0530_SSSS	7057
GCGS0682_SSSS	7059
GCGS0142_RSSS	7059
GCGS0630_SSSS	7069
GCGS1047_RsSS	7076
WHO_O_SSSS	7076
GCGS0777_RSSS	7077
GCGS1043_RsRS	7077
GCGS0542_SSSS	7079
GCGS1039_RsSS	7082
GCGS1044_RsSS	7086
GCGS1040_RsSS	7088
GCGS0615_RSSS	7088
GCGS0671_RSSS	7088
GCGS1045_RsSS	7088
GCGS0790_RSSS	7093
GCGS0791_RSSS	7095
GCGS0765_RSSS	7098
GCGS0749_SSSS	7099
GCGS0672_RSSS	7099
GCGS0726_SSSS	7100
GCGS0619_RSSS	7100
GCGS0613_SSSS	7103
GCGS0761_SSSS	7109
GCGS0714_SSRS	7110
GCGS0760_SSSS	7111
GCGS0420_SSSS	7144
GCGS0400_SSSS	7147
GCGS0428_SSSS	7164
GCGS1103_SSSS	7195
GCGS0782_SSSS	7197
GCGS0363_RSSS	7199
GCGS0647_SSSS	7204
GCGS0442_SSSS	7207
GCGS0784_SSSS	7215
GCGS0430_SSSS	7238
GCGS0358_SSSS	7241
GCGS0614_SSSS	7251
GCGS0013_SSSS	7259
GCGS0616_SSSS	7266
GCGS0150_SSRS	7271
GCGS0015_SSSS	7274
GCGS0429_SSSS	7279
GCGS0376_SSSS	7299
GCGS0424_SSSS	7310
GCGS0697_SSRS	7316
GCGS0817_SSRS	7419
GCGS0818_SSRS	7426
GCGS0815_SSRS	7427
GCGS0804_SSRS	7428
GCGS0805_SSRS	7428
GCGS0755_SSRS	7431
GCGS0758_SSRS	7432
GCGS0808_SSRS	7432
GCGS0814_SSRS	7433
GCGS0640_SSRS	7434
GCGS0852_RSRS	7434
GCGS0699_SSRS	7435
GCGS0809_SSRS	7435
GCGS0440_SSSS	7438
GCGS0816_SSRS	7439
GCGS0594_SSRS	7458
GCGS0770_SSRS	7461
GCGS0788_SSRS	7464
GCGS0793_RSRS	7468
GCGS0399_SSRS	7474
GCGS0792_RSRS	7474
GCGS0819_SSSS	7477
GCGS0314_SSRS	7481
GCGS0397_SSRS	7482
GCGS0620_SSSS	7511
GCGS0504_SSRS	7603
GCGS0498_SSRS	7605
GCGS0208_SSRS	7620
GCGS0496_SSSS	7629
GCGS0830_SSSS	7645
GCGS0652_SSRS	7675
GCGS0279_SSSS	7683
GCGS0561_RSSS	7687
GCGS0421_SSRS	7781
GCGS0800_SSRS	7782
GCGS1074_SsRS	7783
GCGS1063_SsRS	7784
GCGS0752_SSRS	7785
GCGS0240_SSRS	7790
GCGS0134_SSRS	7790
GCGS0679_SSSS	7794
GCGS1035_SSRR	7794
GCGS0778_SSRS	7799
GCGS1066_SsRS	7800
GCGS0802_SSRS	7803
GCGS0803_SSRS	7803
GCGS0907_SSRS	7805
GCGS0928_SSRS	7805
GCGS0801_SSRS	7807
GCGS0753_SSRS	7808
GCGS0245_SSSS	7809
GCGS0634_SSRS	7811
GCGS0674_SSRS	7812
GCGS0756_SSRS	7816
GCGS0481_RSRS	7820
GCGS1061_SSRS	7821
GCGS0512_SSRS	7821
GCGS0322_SSSS	7821
GCGS1067_SsRS	7823
GCGS0559_SSRS	7824
GCGS1064_SsRS	7825
GCGS1059_SsRS	7825
GCGS1050_SsRS	7825
GCGS1027_SsRS	7826
GCGS1015_SSRS	7827
GCGS0056_SSRS	7827
GCGS1065_SsRS	7828
GCGS1038_SsRS	7829
GCGS0520_RSSS	7829
WHO_L_SSRR	7830
GCGS0692_SSRS	7831
GCGS0602_SSRS	7833
GCGS0762_SSRS	7833
GCGS0301_RSSS	7834
GCGS0206_SSRS	7835
GCGS0022_SSRS	7835
GCGS1093_SSSS	7836
GCGS0032_SSRS	7836
GCGS0060_SSRS	7837
GCGS0717_SSRS	7838
GCGS1036_SSRS	7838
GCGS0806_SSRS	7838
GCGS0519_RSSS	7838
GCGS0462_SSSS	7839
GCGS0168_SSRS	7841
GCGS0116_SSRS	7842
GCGS1020_SsRS	7842
GCGS0190_SSRS	7843
GCGS0170_SSRS	7843
GCGS0026_SSRS	7843
GCGS0859_SSRS	7848
GCGS0700_SSRS	7851
GCGS0327_RSRS	7853
GCGS1024_SSRS	7853
GCGS0044_SSRS	7853
GCGS0164_SSRS	7854
GCGS0810_SSRS	7855
GCGS1021_SsRS	7863
GCGS0688_SSRS	7865
GCGS0078_SSRS	7867
GCGS1102_SSRS	7893
GCGS1099_SSRS	7893
GCGS0501_SSSS	7903
GCGS0746_SSRS	7931
GCGS0180_SSRS	7932
GCGS0733_RSRS	7934
GCGS0748_SSRS	7935
GCGS0563_RSRS	7936
GCGS0186_SSRS	7938
GCGS0769_SSSS	7956
GCGS1029_SRSR	7957
GCGS0146_SSRS	7969
GCGS0188_SSRS	7972
GCGS0210_SSRS	7972
GCGS0212_SSRS	7977
GCGS0090_SSRS	7978
GCGS0495_SSRS	7980
GCGS0603_SSRS	7982
GCGS0112_SSRS	7986
GCGS0321_SSRS	7987
GCGS0515_SSRS	7988
GCGS0479_SSSS	7992
GCGS0216_SSRS	7993
GCGS0764_SSRS	7995
GCGS0730_SSRS	7996
GCGS0666_SSRS	7996
GCGS0383_SSRS	7998
GCGS0667_SSRS	7998
GCGS0331_SSRS	8007
GCGS0398_SSSS	8010
GCGS0346_SSRS	8011
GCGS0469_SSRS	8012
GCGS0334_SSRS	8013
GCGS0350_SSSS	8018
GCGS0154_SSRS	8021
GCGS0370_SSRS	8022
GCGS0425_SSSS	8027
GCGS0494_SSRS	8030
GCGS0554_SSSS	8032
GCGS0739_SSRS	8063
GCGS0396_SSRS	8064
GCGS0008_SSRS	8097
GCGS0514_SSRS	8144
GCGS0369_SSRS	8213
GCGS0184_SSRS	8214
GCGS0517_SSRS	8257
GCGS0599_SSSS	8584
GCGS0423_SSSS	8606
GCGS0454_SSSS	8620
GCGS0257_RSSS	8622
GCGS0353_SSSS	8654
GCGS0474_SSSS	8696
GCGS0357_SSSS	8833
GCGS0526_SSSS	8836
GCGS0579_RSSS	8886
GCGS0445_SSSS	8892
GCGS0305_RSSS	8903
GCGS0348_SSSS	8907
GCGS0390_SSSS	8917
GCGS0310_SSSS	8923
GCGS0525_RSSS	8928
GCGS0556_RSSS	8931
GCGS0258_RSSS	8935
GCGS0273_RSSS	8936
GCGS0260_RSSS	8938
GCGS1096_SSSS	8938
GCGS0600_SSSS	8940
GCGS0259_RSSS	8940
GCGS0294_SSSS	8941
GCGS0304_RSSS	8946
GCGS0703_RSSS	8951
GCGS0311_RSSS	8955
GCGS0266_SSSS	8959
GCGS0386_RSSS	8970
GCGS0280_RSSS	8972
GCGS0521_SSSS	8973
GCGS0387_RSSS	8974
GCGS0302_RSSS	8974
GCGS0284_RSSS	8978
GCGS0244_SSSS	8981
GCGS0283_RSSS	8981
GCGS0623_RSSS	8986
GCGS0274_RSSS	8987
GCGS1048_RsSS	8987
GCGS0443_SSSS	8988
GCGS0256_SSSS	8990
GCGS0293_SSSS	8990
GCGS0291_RSSS	8994
GCGS0246_RSSS	8998
GCGS0200_SSSS	9001
GCGS0265_SSSS	9004
GCGS0439_SSSS	9007
GCGS0395_SSSS	9019
GCGS0312_SSSS	9021
GCGS0465_SSSS	9026
GCGS0282_RSSS	9035
GCGS0351_SSSS	9043
GCGS1053_SsSS	9050
GCGS0290_RSSS	9050
GCGS0850_SSRS	9052
GCGS0662_SSSS	9056
GCGS0441_SSSS	9057
GCGS0050_SSSS	9066
GCGS0492_RSSS	9069
GCGS0307_RSSS	9071
GCGS0685_RSSS	9077
GCGS0538_SSSS	9079
GCGS0687_RSSS	9079
GCGS0268_SSSS	9083
GCGS0303_SSSS	9088
GCGS1076_SsSS	9090
GCGS0843_SSSS	9090
GCGS0255_RSSS	9103
GCGS0375_SSSS	9104
GCGS0427_SSSS	9116
GCGS0263_SSSS	9125
GCGS0453_SSSS	9128
GCGS1019_SsRS	9158
GCGS0500_SSSS	9168
GCGS0261_SSSS	9177
GCGS0313_SSSS	9185
GCGS0345_SSSS	9190
GCGS0262_SSSS	9203
GCGS0529_RSSS	9204
GCGS0489_SSSS	9232
GCGS0243_SSSS	9239
GCGS0450_SSSS	9247
GCGS0252_RSSS	9252
GCGS0250_SSSS	9260
GCGS0253_SSSS	9263
GCGS0373_SSSS	9263
GCGS0438_RSSS	9264
GCGS0432_SSSS	9272
GCGS0488_SSSS	9280
GCGS0377_SSSS	9332
GCGS0471_SSSS	9347
GCGS0162_SSSS	9441
GCGS0473_RSSS	9451
GCGS0456_SSSS	9455
GCGS0870_RRSR	9458
GCGS0292_SSSS	9459
GCGS0460_RSSS	9462
GCGS0461_SSSS	9485
GCGS0543_SSSS	9499
GCGS0315_SSSS	9525
GCGS0431_SSSS	9553
GCGS0248_SSSS	9555
GCGS0072_SSSS	9686
GCGS0449_SSSS	9793
WHO_F_SSSS	10133
GCGS1028_SsSS	11104
